feature1,feature2,feature3,Floodprediction,Landslideprediction
33.4,65,1.1,0,0.11837999999999982
32.6,70,1.1,0,0.11837999999999982
28.7,79,2.5,0,0.11837999999999982
32.7,64,2.2,0,0.11837999999999982
32.8,62,2.6,0,0.11837999999999982
27.9,82,3.2,0,0.11837999999999982
32.7,67,3.2,0,0.11837999999999982
34.2,58,1.6,0,0.11837999999999982
34.4,54,1.4,0,0.11837999999999982
